[{"time":"2023-12-22T04:18:05.185Z","category":"etsTransform","level":"warn","msg":"\u001b[33mArkTS:WARN File: D:/WeChatUI_ArkUI-main-zzq/WeChatUI_ArkUI-main/entry/src/main/ets/pages/DiscoveryPage.ets:3:1\n It's not a recommended way to export struct with @Entry decorator, which may cause ACE Engine error in component preview mode.","type":"plugin_log","fileId":"D:/WeChatUI_ArkUI-main-zzq/WeChatUI_ArkUI-main/entry/src/main/ets/pages/DiscoveryPage.ets"},{"time":"2023-12-22T04:53:22.133Z","category":"etsTransform","level":"warn","msg":"\u001b[33mArkTS:WARN File: D:/WeChatUI_ArkUI-main-zzq/WeChatUI_ArkUI-main/entry/src/main/ets/pages/pyqPage.ets:6:1\n It's not a recommended way to export struct with @Entry decorator, which may cause ACE Engine error in component preview mode.","type":"plugin_log"},{"time":"2023-12-22T04:53:22.265Z","category":"etsTransform","level":"warn","msg":"\u001b[33mArkTS:WARN File: D:/WeChatUI_ArkUI-main-zzq/WeChatUI_ArkUI-main/entry/src/main/ets/pages/ChatPage.ets:6:1\n It's not a recommended way to export struct with @Entry decorator, which may cause ACE Engine error in component preview mode.","type":"plugin_log"},{"time":"2023-12-22T04:53:22.303Z","category":"etsTransform","level":"warn","msg":"\u001b[33mArkTS:WARN File: D:/WeChatUI_ArkUI-main-zzq/WeChatUI_ArkUI-main/entry/src/main/ets/pages/ContactsPage.ets:62:1\n It's not a recommended way to export struct with @Entry decorator, which may cause ACE Engine error in component preview mode.","type":"plugin_log"},{"time":"2023-12-22T04:53:22.352Z","category":"etsTransform","level":"warn","msg":"\u001b[33mArkTS:WARN File: D:/WeChatUI_ArkUI-main-zzq/WeChatUI_ArkUI-main/entry/src/main/ets/pages/MyPage.ets:3:1\n It's not a recommended way to export struct with @Entry decorator, which may cause ACE Engine error in component preview mode.","type":"plugin_log"},{"time":"2023-12-22T04:53:22.388Z","category":"etsTransform","level":"warn","msg":"\u001b[33mArkTS:WARN File: D:/WeChatUI_ArkUI-main-zzq/WeChatUI_ArkUI-main/entry/src/main/ets/pages/RecentChatPage.ets:74:1\n It's not a recommended way to export struct with @Entry decorator, which may cause ACE Engine error in component preview mode.","type":"plugin_log"}]