{"deviceType":"phone,tablet","checkEntry":"true","localPropertiesPath":"D:\\WeChatUI_ArkUI-main-zzq\\WeChatUI_ArkUI-main\\local.properties","Path":"C:\\Users\\lisil\\nodejs\\","note":"false","aceProfilePath":"D:\\WeChatUI_ArkUI-main-zzq\\WeChatUI_ArkUI-main\\entry\\.preview\\default\\intermediates\\res\\default\\resources\\base\\profile","isPreview":"true","hapMode":"false","buildMode":"debug","img2bin":"true","projectProfilePath":"D:\\WeChatUI_ArkUI-main-zzq\\WeChatUI_ArkUI-main\\build-profile.json5","watchMode":"true","appResource":"D:\\WeChatUI_ArkUI-main-zzq\\WeChatUI_ArkUI-main\\entry\\.preview\\default\\intermediates\\res\\default\\ResourceTable.txt","logLevel":"3","stageRouterConfig":{"contents":["{\"module\":{\"pages\":\"$profile:main_pages\",\"name\":\"entry\"}}","{\"src\":[\"pages/Index\",\"pages/ChatPage\",\"pages/pyqPage\"]}"],"paths":["D:\\WeChatUI_ArkUI-main-zzq\\WeChatUI_ArkUI-main\\entry\\.preview\\default\\intermediates\\res\\default\\module.json","D:\\WeChatUI_ArkUI-main-zzq\\WeChatUI_ArkUI-main\\entry\\.preview\\default\\intermediates\\res\\default\\resources\\base\\profile\\main_pages.json"]},"port":"29908","aceBuildJson":"D:\\WeChatUI_ArkUI-main-zzq\\WeChatUI_ArkUI-main\\entry\\.preview\\default\\intermediates\\loader\\default\\loader.json","aceModuleRoot":"D:\\WeChatUI_ArkUI-main-zzq\\WeChatUI_ArkUI-main\\entry\\src\\main\\ets","aceSoPath":"D:\\WeChatUI_ArkUI-main-zzq\\WeChatUI_ArkUI-main\\entry\\.preview\\cache\\nativeDependencies.txt","cachePath":"D:\\WeChatUI_ArkUI-main-zzq\\WeChatUI_ArkUI-main\\entry\\.preview\\cache\\.default","aceModuleBuild":"D:\\WeChatUI_ArkUI-main-zzq\\WeChatUI_ArkUI-main\\entry\\.preview\\default\\intermediates\\assets\\default\\ets","aceSuperVisualPath":"D:\\WeChatUI_ArkUI-main-zzq\\WeChatUI_ArkUI-main\\entry\\src\\main\\supervisual","aceModuleJsonPath":"D:\\WeChatUI_ArkUI-main-zzq\\WeChatUI_ArkUI-main\\entry\\.preview\\default\\intermediates\\res\\default\\module.json"}