{
  "version": "1.0",
  "workLog": [
    {
      "type": "work",
      "time": "[2023-12-22T14:54:44.852]",
      "workerId": 0,
      "content": "[2023-12-22T14:54:44.852] > hvigor \u001b[32m\u001b[33mWARN: \u001b[33mArkTS:WARN File: G:/BIT/yanyishang/openHarmony/code/WeChatUI_ArkUI-main-zzq/WeChatUI_ArkUI-main/entry/src/main/ets/pages/ChatPage.ets:6:1\n It's not a recommended way to export struct with @Entry decorator, which may cause ACE Engine error in component preview mode.\u001b[39m\r\n\u001b[33mWARN: \u001b[33mArkTS:WARN File: G:/BIT/yanyishang/openHarmony/code/WeChatUI_ArkUI-main-zzq/WeChatUI_ArkUI-main/entry/src/main/ets/pages/pyqPage.ets:6:1\n It's not a recommended way to export struct with @Entry decorator, which may cause ACE Engine error in component preview mode.\u001b[39m\r\n\u001b[33mWARN: \u001b[33mArkTS:WARN File: G:/BIT/yanyishang/openHarmony/code/WeChatUI_ArkUI-main-zzq/WeChatUI_ArkUI-main/entry/src/main/ets/pages/ContactsPage.ets:62:1\n It's not a recommended way to export struct with @Entry decorator, which may cause ACE Engine error in component preview mode.\u001b[39m\r\n\u001b[33mWARN: \u001b[33mArkTS:WARN File: G:/BIT/yanyishang/openHarmony/code/WeChatUI_ArkUI-main-zzq/WeChatUI_ArkUI-main/entry/src/main/ets/pages/DiscoveryPage.ets:3:1\n It's not a recommended way to export struct with @Entry decorator, which may cause ACE Engine error in component preview mode.\u001b[39m\r\n\u001b[33mWARN: \u001b[33mArkTS:WARN File: G:/BIT/yanyishang/openHarmony/code/WeChatUI_ArkUI-main-zzq/WeChatUI_ArkUI-main/entry/src/main/ets/pages/MyPage.ets:3:1\n It's not a recommended way to export struct with @Entry decorator, which may cause ACE Engine error in component preview mode.\u001b[39m\r\n\u001b[33mWARN: \u001b[33mArkTS:WARN File: G:/BIT/yanyishang/openHarmony/code/WeChatUI_ArkUI-main-zzq/WeChatUI_ArkUI-main/entry/src/main/ets/pages/RecentChatPage.ets:74:1\n It's not a recommended way to export struct with @Entry decorator, which may cause ACE Engine error in component preview mode.\u001b[39m\r\n\u001b[39m\n",
      "taskPath": "entry",
      "taskName": "default@CompileArkTS",
      "taskCompletePath": "entry:default@CompileArkTS"
    }
  ],
  "workerIdList": [
    -1,
    0,
    1
  ],
  "metrics": [
    {
      "type": "build_line",
      "endTime": 1703228040780,
      "status": "closed",
      "children": [],
      "name": "overallTime",
      "taskName": "init",
      "taskPath": "entry",
      "workerId": -1,
      "startTime": 1703228040779
    },
    {
      "type": "build_line",
      "endTime": 1703228040782,
      "status": "closed",
      "children": [],
      "name": "overallTime",
      "taskName": "init",
      "taskPath": "WeChatUI_ArkUI-main",
      "workerId": -1,
      "startTime": 1703228040782
    },
    {
      "type": "build_line",
      "endTime": 1703228079759,
      "status": "closed",
      "children": [],
      "name": "overallTime",
      "taskName": "default@PreBuild",
      "taskPath": "entry",
      "workerId": -1,
      "startTime": 1703228079596
    },
    {
      "type": "build_line",
      "endTime": 1703228079774,
      "status": "closed",
      "children": [],
      "name": "overallTime",
      "taskName": "default@GenerateMetadata",
      "taskPath": "entry",
      "workerId": -1,
      "startTime": 1703228079760
    },
    {
      "type": "build_line",
      "endTime": 1703228079787,
      "status": "closed",
      "children": [],
      "name": "overallTime",
      "taskName": "default@MergeProfile",
      "taskPath": "entry",
      "workerId": -1,
      "startTime": 1703228079784
    },
    {
      "type": "build_line",
      "endTime": 1703228079791,
      "status": "closed",
      "children": [],
      "name": "overallTime",
      "taskName": "default@GenerateLoaderJson",
      "taskPath": "entry",
      "workerId": -1,
      "startTime": 1703228079788
    },
    {
      "type": "build_line",
      "endTime": 1703228079792,
      "status": "closed",
      "children": [],
      "name": "overallTime",
      "taskName": "default@BuildNativeWithCmake",
      "taskPath": "entry",
      "workerId": -1,
      "startTime": 1703228079791
    },
    {
      "type": "build_line",
      "endTime": 1703228079798,
      "status": "closed",
      "children": [],
      "name": "overallTime",
      "taskName": "default@MakePackInfo",
      "taskPath": "entry",
      "workerId": -1,
      "startTime": 1703228079792
    },
    {
      "type": "build_line",
      "endTime": 1703228079963,
      "status": "closed",
      "children": [],
      "name": "overallTime",
      "taskName": "default@ProcessProfile",
      "taskPath": "entry",
      "workerId": -1,
      "startTime": 1703228079801
    },
    {
      "type": "build_line",
      "endTime": 1703228079964,
      "status": "closed",
      "children": [],
      "name": "overallTime",
      "taskName": "default@BuildNativeWithNinja",
      "taskPath": "entry",
      "workerId": -1,
      "startTime": 1703228079963
    },
    {
      "type": "build_line",
      "endTime": 1703228079965,
      "status": "closed",
      "children": [],
      "name": "overallTime",
      "taskName": "default@ProcessResource",
      "taskPath": "entry",
      "workerId": -1,
      "startTime": 1703228079964
    },
    {
      "type": "build_line",
      "endTime": 1703228079970,
      "status": "closed",
      "children": [],
      "name": "overallTime",
      "taskName": "default@ProcessLibs",
      "taskPath": "entry",
      "workerId": -1,
      "startTime": 1703228079965
    },
    {
      "type": "build_line",
      "endTime": 1703228080244,
      "status": "closed",
      "children": [],
      "name": "overallTime",
      "taskName": "default@CompileResource",
      "taskPath": "entry",
      "workerId": -1,
      "startTime": 1703228079970
    },
    {
      "type": "build_line",
      "endTime": 1703228080264,
      "status": "closed",
      "children": [],
      "name": "overallTime",
      "taskName": "default@BuildJS",
      "taskPath": "entry",
      "workerId": -1,
      "startTime": 1703228080257
    },
    {
      "type": "build_line",
      "endTime": 1703228084856,
      "status": "closed",
      "children": [],
      "name": "overallTime",
      "taskName": "default@CompileArkTS",
      "taskPath": "entry",
      "workerId": 0,
      "startTime": 1703228080257
    },
    {
      "type": "default",
      "endTime": 1703228084857,
      "status": "closed",
      "children": [
        {
          "type": "build_line",
          "endTime": 1703228084856,
          "status": "closed",
          "children": [],
          "name": "overallTime",
          "taskName": "default@CompileArkTS",
          "taskPath": "entry",
          "workerId": 0,
          "startTime": 1703228080257
        }
      ],
      "name": "overallTime",
      "taskName": "default@CompileArkTS",
      "taskPath": "entry",
      "workerId": -1,
      "startTime": 1703228080245
    },
    {
      "type": "build_line",
      "endTime": 1703228086650,
      "status": "closed",
      "children": [],
      "name": "overallTime",
      "taskName": "default@PackageHap",
      "taskPath": "entry",
      "workerId": 1,
      "startTime": 1703228084867
    },
    {
      "type": "default",
      "endTime": 1703228086650,
      "status": "closed",
      "children": [
        {
          "type": "build_line",
          "endTime": 1703228086650,
          "status": "closed",
          "children": [],
          "name": "overallTime",
          "taskName": "default@PackageHap",
          "taskPath": "entry",
          "workerId": 1,
          "startTime": 1703228084867
        }
      ],
      "name": "overallTime",
      "taskName": "default@PackageHap",
      "taskPath": "entry",
      "workerId": -1,
      "startTime": 1703228084861
    },
    {
      "type": "build_line",
      "endTime": 1703228086652,
      "status": "closed",
      "children": [],
      "name": "overallTime",
      "taskName": "default@SignHap",
      "taskPath": "entry",
      "workerId": -1,
      "startTime": 1703228086651
    },
    {
      "type": "build_line",
      "endTime": 1703228086652,
      "status": "closed",
      "children": [],
      "name": "overallTime",
      "taskName": "assembleHap",
      "taskPath": "entry",
      "workerId": -1,
      "startTime": 1703228086652
    }
  ]
}