{":WeChatUI_ArkUI-main:entry:default@PreBuild":{"_inputs":[{"dataType":"ValueEntry","value":"{\"_name\":\"compileApiVersion\",\"_value\":9,\"_valueType\":\"number\"}"},{"dataType":"ValueEntry","value":"{\"_name\":\"compatibleApiVersion\",\"_value\":9,\"_valueType\":\"number\"}"},{"dataType":"ValueEntry","value":"{\"_name\":\"targetStatusCode\",\"_value\":2,\"_valueType\":\"number\"}"},{"dataType":"ValueEntry","value":"{\"_name\":\"apiType\",\"_value\":\"stageMode\",\"_valueType\":\"string\"}"},{"dataType":"ValueEntry","value":"{\"_name\":\"deviceType\",\"_value\":[\"phone\",\"tablet\"],\"_valueType\":\"object\"}"},{"dataType":"ValueEntry","value":"{\"_name\":\"codeType\",\"_value\":true,\"_valueType\":\"boolean\"}"},{"dataType":"ValueEntry","value":"{\"_name\":\"sdkToolchainsComponentVersion\",\"_value\":\"3.2.3.6\",\"_valueType\":\"string\"}"},{"dataType":"ValueEntry","value":"{\"_name\":\"profileModuleName\",\"_value\":\"entry\",\"_valueType\":\"string\"}"},{"dataType":"ValueEntry","value":"{\"_name\":\"isSupportOhpmProj\",\"_value\":true,\"_valueType\":\"boolean\"}"},{"dataType":"ValueEntry","value":"{\"_name\":\"customTypes\",\"_value\":\"\",\"_valueType\":\"string\"}"},{"dataType":"ValueEntry","value":"{\"_name\":\"BUILTIN_TASK_COMMAND\",\"_value\":\"\",\"_valueType\":\"string\"}"},{"dataType":"ValueEntry","value":"{\"_name\":\"BUILTIN_TASK_TOOLCHAIN\",\"_value\":\"\",\"_valueType\":\"string\"}"},{"dataType":"ValueEntry","value":"{\"_name\":\"BUILTIN_TASK_ENV\",\"_value\":\"\",\"_valueType\":\"string\"}"}],"_successful":true,"_projectName":"WeChatUI_ArkUI-main","_moduleName":"entry","_taskName":"default@PreBuild","_key":":WeChatUI_ArkUI-main:entry:default@PreBuild","_executionId":":WeChatUI_ArkUI-main:entry:default@PreBuild:1703228079597","_inputFiles":{"dataType":"Map","value":[["G:\\BIT\\yanyishang\\openHarmony\\code\\WeChatUI_ArkUI-main-zzq\\WeChatUI_ArkUI-main\\AppScope\\app.json5",{"isDirectory":false,"fileSnapShotHashValue":"19ec991597dff624e184585db1906020"}],["G:\\BIT\\yanyishang\\openHarmony\\code\\WeChatUI_ArkUI-main-zzq\\WeChatUI_ArkUI-main\\entry\\src\\main\\module.json5",{"isDirectory":false,"fileSnapShotHashValue":"7638ce752e3d8073e8ebed369213b2ea"}],["G:\\BIT\\yanyishang\\openHarmony\\code\\WeChatUI_ArkUI-main-zzq\\WeChatUI_ArkUI-main\\entry\\src\\main\\resources\\base\\profile\\main_pages.json",{"fileSnapShotHashValue":"33bb6fab45774f25c8e57ddb1aa829e0"}],["G:\\BIT\\yanyishang\\openHarmony\\code\\WeChatUI_ArkUI-main-zzq\\WeChatUI_ArkUI-main\\entry\\oh-package.json5",{"fileSnapShotHashValue":"7e7091a00e94edacfa97db871410f513"}]]},"_outputFiles":{"dataType":"Map","value":[]}},":WeChatUI_ArkUI-main:entry:default@GenerateMetadata":{"_inputs":[{"dataType":"ValueEntry","value":"{\"_name\":\"sdkToolchainsComponentVersion\",\"_value\":\"3.2.3.6\",\"_valueType\":\"string\"}"},{"dataType":"ValueEntry","value":"{\"_name\":\"existSigningConfig\",\"_value\":false,\"_valueType\":\"boolean\"}"},{"dataType":"ValueEntry","value":"{\"_name\":\"targetConfig\",\"_value\":\"{\\\"name\\\":\\\"default\\\",\\\"runtimeOS\\\":\\\"HarmonyOS\\\"}\",\"_valueType\":\"string\"}"},{"dataType":"ValueEntry","value":"{\"_name\":\"moduleDeviceType\",\"_value\":[\"phone\",\"tablet\"],\"_valueType\":\"object\"}"},{"dataType":"ValueEntry","value":"{\"_name\":\"product\",\"_value\":\"default\",\"_valueType\":\"string\"}"},{"dataType":"ValueEntry","value":"{\"_name\":\"entryModules\",\"_value\":[],\"_valueType\":\"object\"}"},{"dataType":"ValueEntry","value":"{\"_name\":\"BUILTIN_TASK_COMMAND\",\"_value\":\"\",\"_valueType\":\"string\"}"},{"dataType":"ValueEntry","value":"{\"_name\":\"BUILTIN_TASK_TOOLCHAIN\",\"_value\":\"\",\"_valueType\":\"string\"}"},{"dataType":"ValueEntry","value":"{\"_name\":\"BUILTIN_TASK_ENV\",\"_value\":\"\",\"_valueType\":\"string\"}"}],"_successful":true,"_projectName":"WeChatUI_ArkUI-main","_moduleName":"entry","_taskName":"default@GenerateMetadata","_key":":WeChatUI_ArkUI-main:entry:default@GenerateMetadata","_executionId":":WeChatUI_ArkUI-main:entry:default@GenerateMetadata:1703228079764","_inputFiles":{"dataType":"Map","value":[["G:\\BIT\\yanyishang\\openHarmony\\code\\WeChatUI_ArkUI-main-zzq\\WeChatUI_ArkUI-main\\entry\\src\\main\\module.json5",{"fileSnapShotHashValue":"7638ce752e3d8073e8ebed369213b2ea"}]]},"_outputFiles":{"dataType":"Map","value":[["G:\\BIT\\yanyishang\\openHarmony\\code\\WeChatUI_ArkUI-main-zzq\\WeChatUI_ArkUI-main\\entry\\build\\default\\intermediates\\hap_metadata\\default\\output_metadata.json",{"fileSnapShotHashValue":"758f60d15f95ec97e108821175eaca9f"}]]}},":WeChatUI_ArkUI-main:entry:default@MergeProfile":{"_inputs":[{"dataType":"ValueEntry","value":"{\"_name\":\"targetSdkVersion\",\"_value\":9,\"_valueType\":\"number\"}"},{"dataType":"ValueEntry","value":"{\"_name\":\"compatibleSdkVersion\",\"_value\":9,\"_valueType\":\"number\"}"},{"dataType":"ValueEntry","value":"{\"_name\":\"releaseType\",\"_value\":\"Release\",\"_valueType\":\"string\"}"},{"dataType":"ValueEntry","value":"{\"_name\":\"buildRoot\",\"_value\":\"build\",\"_valueType\":\"string\"}"},{"dataType":"ValueEntry","value":"{\"_name\":\"isDebug\",\"_value\":true,\"_valueType\":\"boolean\"}"},{"dataType":"ValueEntry","value":"{\"_name\":\"isHarModule\",\"_value\":false,\"_valueType\":\"boolean\"}"},{"dataType":"ValueEntry","value":"{\"_name\":\"multiProjects\",\"_value\":false,\"_valueType\":\"boolean\"}"},{"dataType":"ValueEntry","value":"{\"_name\":\"asanEnable\",\"_value\":false,\"_valueType\":\"boolean\"}"},{"dataType":"ValueEntry","value":"{\"_name\":\"BUILTIN_TASK_COMMAND\",\"_value\":\"\",\"_valueType\":\"string\"}"},{"dataType":"ValueEntry","value":"{\"_name\":\"BUILTIN_TASK_TOOLCHAIN\",\"_value\":\"\",\"_valueType\":\"string\"}"},{"dataType":"ValueEntry","value":"{\"_name\":\"BUILTIN_TASK_ENV\",\"_value\":\"\",\"_valueType\":\"string\"}"}],"_successful":true,"_projectName":"WeChatUI_ArkUI-main","_moduleName":"entry","_taskName":"default@MergeProfile","_key":":WeChatUI_ArkUI-main:entry:default@MergeProfile","_executionId":":WeChatUI_ArkUI-main:entry:default@MergeProfile:1703228079784","_inputFiles":{"dataType":"Map","value":[["G:\\BIT\\yanyishang\\openHarmony\\code\\WeChatUI_ArkUI-main-zzq\\WeChatUI_ArkUI-main\\AppScope\\app.json5",{"fileSnapShotHashValue":"19ec991597dff624e184585db1906020"}],["G:\\BIT\\yanyishang\\openHarmony\\code\\WeChatUI_ArkUI-main-zzq\\WeChatUI_ArkUI-main\\entry\\src\\main\\module.json5",{"fileSnapShotHashValue":"7638ce752e3d8073e8ebed369213b2ea"}]]},"_outputFiles":{"dataType":"Map","value":[["G:\\BIT\\yanyishang\\openHarmony\\code\\WeChatUI_ArkUI-main-zzq\\WeChatUI_ArkUI-main\\entry\\build\\default\\intermediates\\merge_profile\\default\\module.json",{"fileSnapShotHashValue":"73932f3518c552921cf0a872b5f3c4fd"}]]}},":WeChatUI_ArkUI-main:entry:default@GenerateLoaderJson":{"_inputs":[{"dataType":"ValueEntry","value":"{\"_name\":\"projectRootPath\",\"_value\":\"G:\\\\BIT\\\\yanyishang\\\\openHarmony\\\\code\\\\WeChatUI_ArkUI-main-zzq\\\\WeChatUI_ArkUI-main\",\"_valueType\":\"string\"}"},{"dataType":"ValueEntry","value":"{\"_name\":\"modulePathMap\",\"_value\":\"{\\\"entry\\\":\\\"G:\\\\\\\\BIT\\\\\\\\yanyishang\\\\\\\\openHarmony\\\\\\\\code\\\\\\\\WeChatUI_ArkUI-main-zzq\\\\\\\\WeChatUI_ArkUI-main\\\\\\\\entry\\\"}\",\"_valueType\":\"string\"}"},{"dataType":"ValueEntry","value":"{\"_name\":\"compileMode\",\"_value\":\"esmodule\",\"_valueType\":\"string\"}"},{"dataType":"ValueEntry","value":"{\"_name\":\"nodeModulesPath\",\"_value\":\"G:\\\\BIT\\\\yanyishang\\\\openHarmony\\\\code\\\\WeChatUI_ArkUI-main-zzq\\\\WeChatUI_ArkUI-main\\\\entry\\\\build\\\\default\\\\intermediates\\\\loader_out\\\\default\\\\node_modules\",\"_valueType\":\"string\"}"},{"dataType":"ValueEntry","value":"{\"_name\":\"targetConfig\",\"_value\":\"{\\\"name\\\":\\\"default\\\",\\\"runtimeOS\\\":\\\"HarmonyOS\\\"}\",\"_valueType\":\"string\"}"},{"dataType":"ValueEntry","value":"{\"_name\":\"harNameOhmMap\",\"_value\":\"{}\",\"_valueType\":\"string\"}"},{"dataType":"ValueEntry","value":"{\"_name\":\"anBuildMode\",\"_value\":\"\",\"_valueType\":\"string\"}"},{"dataType":"ValueEntry","value":"{\"_name\":\"apPath\",\"_value\":\"\",\"_valueType\":\"string\"}"},{"dataType":"ValueEntry","value":"{\"_name\":\"fallbackAnBuild\",\"_value\":false,\"_valueType\":\"boolean\"}"},{"dataType":"ValueEntry","value":"{\"_name\":\"BUILTIN_TASK_COMMAND\",\"_value\":\"\",\"_valueType\":\"string\"}"},{"dataType":"ValueEntry","value":"{\"_name\":\"BUILTIN_TASK_TOOLCHAIN\",\"_value\":\"\",\"_valueType\":\"string\"}"},{"dataType":"ValueEntry","value":"{\"_name\":\"BUILTIN_TASK_ENV\",\"_value\":\"\",\"_valueType\":\"string\"}"}],"_successful":true,"_projectName":"WeChatUI_ArkUI-main","_moduleName":"entry","_taskName":"default@GenerateLoaderJson","_key":":WeChatUI_ArkUI-main:entry:default@GenerateLoaderJson","_executionId":":WeChatUI_ArkUI-main:entry:default@GenerateLoaderJson:1703228079788","_inputFiles":{"dataType":"Map","value":[]},"_outputFiles":{"dataType":"Map","value":[["G:\\BIT\\yanyishang\\openHarmony\\code\\WeChatUI_ArkUI-main-zzq\\WeChatUI_ArkUI-main\\entry\\build\\default\\intermediates\\loader\\default\\loader.json",{"isDirectory":false,"fileSnapShotHashValue":"8eb017b55a0b89795d41283d6d4e188e"}]]}},":WeChatUI_ArkUI-main:entry:default@MakePackInfo":{"_inputs":[{"dataType":"ValueEntry","value":"{\"_name\":\"deviceTypes\",\"_value\":[\"phone\",\"tablet\"],\"_valueType\":\"object\"}"},{"dataType":"ValueEntry","value":"{\"_name\":\"compileSdkVersion\",\"_value\":9,\"_valueType\":\"number\"}"},{"dataType":"ValueEntry","value":"{\"_name\":\"compatibleSdkVersion\",\"_value\":9,\"_valueType\":\"number\"}"},{"dataType":"ValueEntry","value":"{\"_name\":\"releaseType\",\"_value\":\"Release\",\"_valueType\":\"string\"}"},{"dataType":"ValueEntry","value":"{\"_name\":\"BUILTIN_TASK_COMMAND\",\"_value\":\"\",\"_valueType\":\"string\"}"},{"dataType":"ValueEntry","value":"{\"_name\":\"BUILTIN_TASK_TOOLCHAIN\",\"_value\":\"\",\"_valueType\":\"string\"}"},{"dataType":"ValueEntry","value":"{\"_name\":\"BUILTIN_TASK_ENV\",\"_value\":\"\",\"_valueType\":\"string\"}"}],"_successful":true,"_projectName":"WeChatUI_ArkUI-main","_moduleName":"entry","_taskName":"default@MakePackInfo","_key":":WeChatUI_ArkUI-main:entry:default@MakePackInfo","_executionId":":WeChatUI_ArkUI-main:entry:default@MakePackInfo:1703228079793","_inputFiles":{"dataType":"Map","value":[["G:\\BIT\\yanyishang\\openHarmony\\code\\WeChatUI_ArkUI-main-zzq\\WeChatUI_ArkUI-main\\AppScope\\app.json5",{"fileSnapShotHashValue":"19ec991597dff624e184585db1906020"}],["G:\\BIT\\yanyishang\\openHarmony\\code\\WeChatUI_ArkUI-main-zzq\\WeChatUI_ArkUI-main\\entry\\src\\main\\module.json5",{"fileSnapShotHashValue":"7638ce752e3d8073e8ebed369213b2ea"}]]},"_outputFiles":{"dataType":"Map","value":[["G:\\BIT\\yanyishang\\openHarmony\\code\\WeChatUI_ArkUI-main-zzq\\WeChatUI_ArkUI-main\\entry\\build\\default\\outputs\\default\\pack.info",{"fileSnapShotHashValue":"8edcccaba4e5c821ca203a9f6357a91f"}]]}},":WeChatUI_ArkUI-main:entry:default@ProcessProfile":{"_inputs":[{"dataType":"ValueEntry","value":"{\"_name\":\"arkEnable\",\"_value\":true,\"_valueType\":\"boolean\"}"},{"dataType":"ValueEntry","value":"{\"_name\":\"compileMode\",\"_value\":\"esmodule\",\"_valueType\":\"string\"}"},{"dataType":"ValueEntry","value":"{\"_name\":\"deviceTypes\",\"_value\":[\"phone\",\"tablet\"],\"_valueType\":\"object\"}"},{"dataType":"ValueEntry","value":"{\"_name\":\"dependency\",\"_value\":\"[]\",\"_valueType\":\"string\"}"},{"dataType":"ValueEntry","value":"{\"_name\":\"BUILTIN_TASK_COMMAND\",\"_value\":\"\",\"_valueType\":\"string\"}"},{"dataType":"ValueEntry","value":"{\"_name\":\"BUILTIN_TASK_TOOLCHAIN\",\"_value\":\"\",\"_valueType\":\"string\"}"},{"dataType":"ValueEntry","value":"{\"_name\":\"BUILTIN_TASK_ENV\",\"_value\":\"\",\"_valueType\":\"string\"}"}],"_successful":true,"_projectName":"WeChatUI_ArkUI-main","_moduleName":"entry","_taskName":"default@ProcessProfile","_key":":WeChatUI_ArkUI-main:entry:default@ProcessProfile","_executionId":":WeChatUI_ArkUI-main:entry:default@ProcessProfile:1703228079801","_inputFiles":{"dataType":"Map","value":[["G:\\BIT\\yanyishang\\openHarmony\\code\\WeChatUI_ArkUI-main-zzq\\WeChatUI_ArkUI-main\\entry\\build\\default\\intermediates\\merge_profile\\default\\module.json",{"fileSnapShotHashValue":"73932f3518c552921cf0a872b5f3c4fd"}]]},"_outputFiles":{"dataType":"Map","value":[["G:\\BIT\\yanyishang\\openHarmony\\code\\WeChatUI_ArkUI-main-zzq\\WeChatUI_ArkUI-main\\entry\\build\\default\\intermediates\\process_profile\\default\\module.json",{"fileSnapShotHashValue":"1e0b98ad8c615d3d5d7a25791018d2e8"}]]}},":WeChatUI_ArkUI-main:entry:default@ProcessResource":{"_inputs":[{"dataType":"ValueEntry","value":"{\"_name\":\"resConfigJsonContent\",\"_value\":\"{\\\"configPath\\\":\\\"G:\\\\\\\\BIT\\\\\\\\yanyishang\\\\\\\\openHarmony\\\\\\\\code\\\\\\\\WeChatUI_ArkUI-main-zzq\\\\\\\\WeChatUI_ArkUI-main\\\\\\\\entry\\\\\\\\build\\\\\\\\default\\\\\\\\intermediates\\\\\\\\process_profile\\\\\\\\default\\\\\\\\module.json\\\",\\\"packageName\\\":\\\"com.example.wechatproject\\\",\\\"output\\\":\\\"G:\\\\\\\\BIT\\\\\\\\yanyishang\\\\\\\\openHarmony\\\\\\\\code\\\\\\\\WeChatUI_ArkUI-main-zzq\\\\\\\\WeChatUI_ArkUI-main\\\\\\\\entry\\\\\\\\build\\\\\\\\default\\\\\\\\intermediates\\\\\\\\res\\\\\\\\default\\\",\\\"moduleNames\\\":\\\"entry\\\",\\\"ResourceTable\\\":[\\\"G:\\\\\\\\BIT\\\\\\\\yanyishang\\\\\\\\openHarmony\\\\\\\\code\\\\\\\\WeChatUI_ArkUI-main-zzq\\\\\\\\WeChatUI_ArkUI-main\\\\\\\\entry\\\\\\\\build\\\\\\\\default\\\\\\\\generated\\\\\\\\r\\\\\\\\default\\\\\\\\ResourceTable.h\\\"],\\\"applicationResource\\\":\\\"G:\\\\\\\\BIT\\\\\\\\yanyishang\\\\\\\\openHarmony\\\\\\\\code\\\\\\\\WeChatUI_ArkUI-main-zzq\\\\\\\\WeChatUI_ArkUI-main\\\\\\\\AppScope\\\\\\\\resources\\\",\\\"moduleResources\\\":[\\\"G:\\\\\\\\BIT\\\\\\\\yanyishang\\\\\\\\openHarmony\\\\\\\\code\\\\\\\\WeChatUI_ArkUI-main-zzq\\\\\\\\WeChatUI_ArkUI-main\\\\\\\\entry\\\\\\\\src\\\\\\\\main\\\\\\\\resources\\\"],\\\"dependencies\\\":[],\\\"iconCheck\\\":false,\\\"ids\\\":\\\"G:\\\\\\\\BIT\\\\\\\\yanyishang\\\\\\\\openHarmony\\\\\\\\code\\\\\\\\WeChatUI_ArkUI-main-zzq\\\\\\\\WeChatUI_ArkUI-main\\\\\\\\entry\\\\\\\\build\\\\\\\\default\\\\\\\\intermediates\\\\\\\\res\\\\\\\\default\\\\\\\\ids_map\\\",\\\"definedIds\\\":\\\"G:\\\\\\\\BIT\\\\\\\\yanyishang\\\\\\\\openHarmony\\\\\\\\code\\\\\\\\WeChatUI_ArkUI-main-zzq\\\\\\\\WeChatUI_ArkUI-main\\\\\\\\entry\\\\\\\\build\\\\\\\\default\\\\\\\\intermediates\\\\\\\\res\\\\\\\\default\\\\\\\\ids_map\\\\\\\\id_defined.json\\\"}\",\"_valueType\":\"string\"}"},{"dataType":"ValueEntry","value":"{\"_name\":\"BUILTIN_TASK_COMMAND\",\"_value\":\"\",\"_valueType\":\"string\"}"},{"dataType":"ValueEntry","value":"{\"_name\":\"BUILTIN_TASK_TOOLCHAIN\",\"_value\":\"\",\"_valueType\":\"string\"}"},{"dataType":"ValueEntry","value":"{\"_name\":\"BUILTIN_TASK_ENV\",\"_value\":\"\",\"_valueType\":\"string\"}"}],"_successful":true,"_projectName":"WeChatUI_ArkUI-main","_moduleName":"entry","_taskName":"default@ProcessResource","_key":":WeChatUI_ArkUI-main:entry:default@ProcessResource","_executionId":":WeChatUI_ArkUI-main:entry:default@ProcessResource:1703228079964","_inputFiles":{"dataType":"Map","value":[]},"_outputFiles":{"dataType":"Map","value":[["G:\\BIT\\yanyishang\\openHarmony\\code\\WeChatUI_ArkUI-main-zzq\\WeChatUI_ArkUI-main\\entry\\build\\default\\intermediates\\res\\default\\resConfig.json",{"isDirectory":false,"fileSnapShotHashValue":"4fc07a1505f559a6f416e4c7c0d9d6ce"}]]}},":WeChatUI_ArkUI-main:entry:default@ProcessLibs":{"_inputs":[{"dataType":"ValueEntry","value":"{\"_name\":\"BUILTIN_TASK_COMMAND\",\"_value\":\"\",\"_valueType\":\"string\"}"},{"dataType":"ValueEntry","value":"{\"_name\":\"BUILTIN_TASK_TOOLCHAIN\",\"_value\":\"\",\"_valueType\":\"string\"}"},{"dataType":"ValueEntry","value":"{\"_name\":\"BUILTIN_TASK_ENV\",\"_value\":\"\",\"_valueType\":\"string\"}"}],"_successful":true,"_projectName":"WeChatUI_ArkUI-main","_moduleName":"entry","_taskName":"default@ProcessLibs","_key":":WeChatUI_ArkUI-main:entry:default@ProcessLibs","_executionId":":WeChatUI_ArkUI-main:entry:default@ProcessLibs:1703228079965","_inputFiles":{"dataType":"Map","value":[]},"_outputFiles":{"dataType":"Map","value":[["G:\\BIT\\yanyishang\\openHarmony\\code\\WeChatUI_ArkUI-main-zzq\\WeChatUI_ArkUI-main\\entry\\build\\default\\intermediates\\libs\\default",{"isDirectory":true,"fileSnapShotHashValue":""}]]}},":WeChatUI_ArkUI-main:entry:default@CompileResource":{"_inputs":[{"dataType":"ValueEntry","value":"{\"_name\":\"TARGET_CONFIG\",\"_value\":\"{\\\"name\\\":\\\"default\\\",\\\"runtimeOS\\\":\\\"HarmonyOS\\\"}\",\"_valueType\":\"string\"}"},{"dataType":"ValueEntry","value":"{\"_name\":\"BUILTIN_TASK_COMMAND\",\"_value\":\"C:\\\\Users\\\\86156\\\\AppData\\\\Local\\\\Huawei\\\\Sdk\\\\openharmony\\\\9\\\\toolchains\\\\restool.exe,-l,G:\\\\BIT\\\\yanyishang\\\\openHarmony\\\\code\\\\WeChatUI_ArkUI-main-zzq\\\\WeChatUI_ArkUI-main\\\\entry\\\\build\\\\default\\\\intermediates\\\\res\\\\default\\\\resConfig.json\",\"_valueType\":\"string\"}"},{"dataType":"ValueEntry","value":"{\"_name\":\"BUILTIN_TASK_TOOLCHAIN\",\"_value\":\"C:\\\\Users\\\\86156\\\\AppData\\\\Local\\\\Huawei\\\\Sdk\\\\openharmony\\\\9\\\\toolchains\\\\restool.exe\",\"_valueType\":\"string\"}"},{"dataType":"ValueEntry","value":"{\"_name\":\"BUILTIN_TASK_ENV\",\"_value\":\"\",\"_valueType\":\"string\"}"}],"_successful":true,"_projectName":"WeChatUI_ArkUI-main","_moduleName":"entry","_taskName":"default@CompileResource","_key":":WeChatUI_ArkUI-main:entry:default@CompileResource","_executionId":":WeChatUI_ArkUI-main:entry:default@CompileResource:1703228079970","_inputFiles":{"dataType":"Map","value":[["G:\\BIT\\yanyishang\\openHarmony\\code\\WeChatUI_ArkUI-main-zzq\\WeChatUI_ArkUI-main\\entry\\src\\main\\resources",{"fileSnapShotHashValue":"7c29ddbbee4ea4ea7aebd7fde8b3514e"}],["G:\\BIT\\yanyishang\\openHarmony\\code\\WeChatUI_ArkUI-main-zzq\\WeChatUI_ArkUI-main\\AppScope\\resources",{"fileSnapShotHashValue":"50e1ab9255a499ac291b8a1d4efb4013"}],["G:\\BIT\\yanyishang\\openHarmony\\code\\WeChatUI_ArkUI-main-zzq\\WeChatUI_ArkUI-main\\entry\\build\\default\\intermediates\\process_profile\\default\\module.json",{"isDirectory":false,"fileSnapShotHashValue":"1e0b98ad8c615d3d5d7a25791018d2e8"}],["G:\\BIT\\yanyishang\\openHarmony\\code\\WeChatUI_ArkUI-main-zzq\\WeChatUI_ArkUI-main\\entry\\build\\default\\intermediates\\res\\default\\resConfig.json",{"isDirectory":false,"fileSnapShotHashValue":"4fc07a1505f559a6f416e4c7c0d9d6ce"}]]},"_outputFiles":{"dataType":"Map","value":[["G:\\BIT\\yanyishang\\openHarmony\\code\\WeChatUI_ArkUI-main-zzq\\WeChatUI_ArkUI-main\\entry\\build\\default\\intermediates\\res\\default",{"isDirectory":true,"fileSnapShotHashValue":"e4b88bb2310d649cef66f53143632316"}],["G:\\BIT\\yanyishang\\openHarmony\\code\\WeChatUI_ArkUI-main-zzq\\WeChatUI_ArkUI-main\\entry\\build\\default\\generated\\r\\default\\ResourceTable.h",{"isDirectory":false,"fileSnapShotHashValue":"60b4e8cecf408f1a0ee8cc95e88195f9"}],["G:\\BIT\\yanyishang\\openHarmony\\code\\WeChatUI_ArkUI-main-zzq\\WeChatUI_ArkUI-main\\entry\\build\\default\\generated\\r\\default",{"isDirectory":true,"fileSnapShotHashValue":"1f9f02b294cb8e530615fda3bc739e1c"}]]}},":WeChatUI_ArkUI-main:entry:default@CompileArkTS":{"_inputs":[{"dataType":"ValueEntry","value":"{\"_name\":\"debuggable\",\"_value\":true,\"_valueType\":\"boolean\"}"},{"dataType":"ValueEntry","value":"{\"_name\":\"isArk\",\"_value\":true,\"_valueType\":\"boolean\"}"},{"dataType":"ValueEntry","value":"{\"_name\":\"needCoverageInsert\",\"_value\":false,\"_valueType\":\"boolean\"}"},{"dataType":"ValueEntry","value":"{\"_name\":\"customTypes\",\"_value\":\"\",\"_valueType\":\"string\"}"},{"dataType":"ValueEntry","value":"{\"_name\":\"arkTsWdiget\",\"_value\":false,\"_valueType\":\"boolean\"}"},{"dataType":"ValueEntry","value":"{\"_name\":\"OBFUSCATION_ENABLE\",\"_value\":\"undefined\",\"_valueType\":\"string\"}"},{"dataType":"ValueEntry","value":"{\"_name\":\"BUILTIN_TASK_COMMAND\",\"_value\":\"\",\"_valueType\":\"string\"}"},{"dataType":"ValueEntry","value":"{\"_name\":\"BUILTIN_TASK_TOOLCHAIN\",\"_value\":\"\",\"_valueType\":\"string\"}"},{"dataType":"ValueEntry","value":"{\"_name\":\"BUILTIN_TASK_ENV\",\"_value\":\"\",\"_valueType\":\"string\"}"}],"_successful":true,"_projectName":"WeChatUI_ArkUI-main","_moduleName":"entry","_taskName":"default@CompileArkTS","_key":":WeChatUI_ArkUI-main:entry:default@CompileArkTS","_executionId":":WeChatUI_ArkUI-main:entry:default@CompileArkTS:1703228080247","_inputFiles":{"dataType":"Map","value":[["G:\\BIT\\yanyishang\\openHarmony\\code\\WeChatUI_ArkUI-main-zzq\\WeChatUI_ArkUI-main\\entry\\build\\default\\intermediates\\loader\\default",{"isDirectory":true,"fileSnapShotHashValue":"bc8b389ed5d4e86565b28537bc808cde"}],["G:\\BIT\\yanyishang\\openHarmony\\code\\WeChatUI_ArkUI-main-zzq\\WeChatUI_ArkUI-main\\entry\\build\\default\\intermediates\\res\\default\\ResourceTable.txt",{"fileSnapShotHashValue":"80678cb6bae38cf959af6ab40c1b93cd"}],["G:\\BIT\\yanyishang\\openHarmony\\code\\WeChatUI_ArkUI-main-zzq\\WeChatUI_ArkUI-main\\entry\\build\\default\\intermediates\\res\\default\\resources\\rawfile",{"isDirectory":true,"fileSnapShotHashValue":"6bb7686e5e1b373bdd563e0b40be637e"}],["G:\\BIT\\yanyishang\\openHarmony\\code\\WeChatUI_ArkUI-main-zzq\\WeChatUI_ArkUI-main\\entry\\build\\default\\intermediates\\res\\default\\module.json",{"fileSnapShotHashValue":"b57281d2dbef3474a6c05c8a27092314"}],["G:\\BIT\\yanyishang\\openHarmony\\code\\WeChatUI_ArkUI-main-zzq\\WeChatUI_ArkUI-main\\entry\\build\\default\\intermediates\\res\\default\\resources\\base\\profile",{"isDirectory":true,"fileSnapShotHashValue":"4e2874c87cb7705d66fd32c2080e4ee1"}],["G:\\BIT\\yanyishang\\openHarmony\\code\\WeChatUI_ArkUI-main-zzq\\WeChatUI_ArkUI-main\\entry\\src\\main\\supervisual",{"isDirectory":true,"fileSnapShotHashValue":"4725dcf446a342f1473a8228e42dfa48"}],["G:\\BIT\\yanyishang\\openHarmony\\code\\WeChatUI_ArkUI-main-zzq\\WeChatUI_ArkUI-main\\entry\\src\\main\\ets",{"isDirectory":true,"fileSnapShotHashValue":"eca14c15ac6bf66359be2222e91ffbb8"}]]},"_outputFiles":{"dataType":"Map","value":[["G:\\BIT\\yanyishang\\openHarmony\\code\\WeChatUI_ArkUI-main-zzq\\WeChatUI_ArkUI-main\\entry\\build\\default\\intermediates\\loader_out\\default\\ets",{"isDirectory":true,"fileSnapShotHashValue":"747da76b59753a8a4f5492c853a70e3f"}]]}},":WeChatUI_ArkUI-main:entry:default@BuildJS":{"_inputs":[{"dataType":"ValueEntry","value":"{\"_name\":\"debuggable\",\"_value\":true,\"_valueType\":\"boolean\"}"},{"dataType":"ValueEntry","value":"{\"_name\":\"isArk\",\"_value\":true,\"_valueType\":\"boolean\"}"},{"dataType":"ValueEntry","value":"{\"_name\":\"needCoverageInsert\",\"_value\":false,\"_valueType\":\"boolean\"}"},{"dataType":"ValueEntry","value":"{\"_name\":\"customTypes\",\"_value\":\"\",\"_valueType\":\"string\"}"},{"dataType":"ValueEntry","value":"{\"_name\":\"BUILTIN_TASK_COMMAND\",\"_value\":\"\",\"_valueType\":\"string\"}"},{"dataType":"ValueEntry","value":"{\"_name\":\"BUILTIN_TASK_TOOLCHAIN\",\"_value\":\"\",\"_valueType\":\"string\"}"},{"dataType":"ValueEntry","value":"{\"_name\":\"BUILTIN_TASK_ENV\",\"_value\":\"\",\"_valueType\":\"string\"}"}],"_successful":false,"_projectName":"WeChatUI_ArkUI-main","_moduleName":"entry","_taskName":"default@BuildJS","_key":":WeChatUI_ArkUI-main:entry:default@BuildJS","_executionId":":WeChatUI_ArkUI-main:entry:default@BuildJS:1703228080260","_inputFiles":{"dataType":"Map","value":[["G:\\BIT\\yanyishang\\openHarmony\\code\\WeChatUI_ArkUI-main-zzq\\WeChatUI_ArkUI-main\\entry\\build\\default\\intermediates\\loader\\default",{"isDirectory":true,"fileSnapShotHashValue":"bc8b389ed5d4e86565b28537bc808cde"}],["G:\\BIT\\yanyishang\\openHarmony\\code\\WeChatUI_ArkUI-main-zzq\\WeChatUI_ArkUI-main\\entry\\build\\default\\intermediates\\res\\default\\ResourceTable.txt",{"fileSnapShotHashValue":"80678cb6bae38cf959af6ab40c1b93cd"}],["G:\\BIT\\yanyishang\\openHarmony\\code\\WeChatUI_ArkUI-main-zzq\\WeChatUI_ArkUI-main\\entry\\build\\default\\intermediates\\res\\default\\resources\\rawfile",{"isDirectory":true,"fileSnapShotHashValue":"6bb7686e5e1b373bdd563e0b40be637e"}],["G:\\BIT\\yanyishang\\openHarmony\\code\\WeChatUI_ArkUI-main-zzq\\WeChatUI_ArkUI-main\\entry\\build\\default\\intermediates\\res\\default\\module.json",{"fileSnapShotHashValue":"b57281d2dbef3474a6c05c8a27092314"}],["G:\\BIT\\yanyishang\\openHarmony\\code\\WeChatUI_ArkUI-main-zzq\\WeChatUI_ArkUI-main\\entry\\build\\default\\intermediates\\res\\default\\resources\\base\\profile",{"isDirectory":true,"fileSnapShotHashValue":"4e2874c87cb7705d66fd32c2080e4ee1"}],["G:\\BIT\\yanyishang\\openHarmony\\code\\WeChatUI_ArkUI-main-zzq\\WeChatUI_ArkUI-main\\entry\\src\\main\\supervisual",{"isDirectory":true,"fileSnapShotHashValue":"4725dcf446a342f1473a8228e42dfa48"}]]},"_outputFiles":{"dataType":"Map","value":[["G:\\BIT\\yanyishang\\openHarmony\\code\\WeChatUI_ArkUI-main-zzq\\WeChatUI_ArkUI-main\\entry\\build\\default\\intermediates\\loader_out\\default\\js",{"isDirectory":true,"fileSnapShotHashValue":""}]]}},":WeChatUI_ArkUI-main:entry:default@PackageHap":{"_inputs":[{"dataType":"ValueEntry","value":"{\"_name\":\"hotReload\",\"_value\":false,\"_valueType\":\"boolean\"}"},{"dataType":"ValueEntry","value":"{\"_name\":\"BUILTIN_TASK_COMMAND\",\"_value\":\"java,-Dfile.encoding=utf-8,-jar,C:\\\\Users\\\\86156\\\\AppData\\\\Local\\\\Huawei\\\\Sdk\\\\openharmony\\\\9\\\\toolchains\\\\lib\\\\app_packing_tool.jar,--mode,hap,--force,true,--lib-path,G:\\\\BIT\\\\yanyishang\\\\openHarmony\\\\code\\\\WeChatUI_ArkUI-main-zzq\\\\WeChatUI_ArkUI-main\\\\entry\\\\build\\\\default\\\\intermediates\\\\libs\\\\default,--json-path,G:\\\\BIT\\\\yanyishang\\\\openHarmony\\\\code\\\\WeChatUI_ArkUI-main-zzq\\\\WeChatUI_ArkUI-main\\\\entry\\\\build\\\\default\\\\intermediates\\\\res\\\\default\\\\module.json,--resources-path,G:\\\\BIT\\\\yanyishang\\\\openHarmony\\\\code\\\\WeChatUI_ArkUI-main-zzq\\\\WeChatUI_ArkUI-main\\\\entry\\\\build\\\\default\\\\intermediates\\\\res\\\\default\\\\resources,--index-path,G:\\\\BIT\\\\yanyishang\\\\openHarmony\\\\code\\\\WeChatUI_ArkUI-main-zzq\\\\WeChatUI_ArkUI-main\\\\entry\\\\build\\\\default\\\\intermediates\\\\res\\\\default\\\\resources.index,--pack-info-path,G:\\\\BIT\\\\yanyishang\\\\openHarmony\\\\code\\\\WeChatUI_ArkUI-main-zzq\\\\WeChatUI_ArkUI-main\\\\entry\\\\build\\\\default\\\\outputs\\\\default\\\\pack.info,--out-path,G:\\\\BIT\\\\yanyishang\\\\openHarmony\\\\code\\\\WeChatUI_ArkUI-main-zzq\\\\WeChatUI_ArkUI-main\\\\entry\\\\build\\\\default\\\\outputs\\\\default\\\\entry-default-unsigned.hap,--ets-path,G:\\\\BIT\\\\yanyishang\\\\openHarmony\\\\code\\\\WeChatUI_ArkUI-main-zzq\\\\WeChatUI_ArkUI-main\\\\entry\\\\build\\\\default\\\\intermediates\\\\loader_out\\\\default\\\\ets\",\"_valueType\":\"string\"}"},{"dataType":"ValueEntry","value":"{\"_name\":\"BUILTIN_TASK_TOOLCHAIN\",\"_value\":\"C:\\\\Users\\\\86156\\\\AppData\\\\Local\\\\Huawei\\\\Sdk\\\\openharmony\\\\9\\\\toolchains\\\\lib\\\\app_packing_tool.jar\",\"_valueType\":\"string\"}"},{"dataType":"ValueEntry","value":"{\"_name\":\"BUILTIN_TASK_ENV\",\"_value\":\"\",\"_valueType\":\"string\"}"}],"_successful":true,"_projectName":"WeChatUI_ArkUI-main","_moduleName":"entry","_taskName":"default@PackageHap","_key":":WeChatUI_ArkUI-main:entry:default@PackageHap","_executionId":":WeChatUI_ArkUI-main:entry:default@PackageHap:1703228084863","_inputFiles":{"dataType":"Map","value":[["G:\\BIT\\yanyishang\\openHarmony\\code\\WeChatUI_ArkUI-main-zzq\\WeChatUI_ArkUI-main\\entry\\build\\default\\intermediates\\libs\\default",{"isDirectory":false,"fileSnapShotHashValue":""}],["G:\\BIT\\yanyishang\\openHarmony\\code\\WeChatUI_ArkUI-main-zzq\\WeChatUI_ArkUI-main\\entry\\build\\default\\intermediates\\res\\default\\module.json",{"isDirectory":false,"fileSnapShotHashValue":"b57281d2dbef3474a6c05c8a27092314"}],["G:\\BIT\\yanyishang\\openHarmony\\code\\WeChatUI_ArkUI-main-zzq\\WeChatUI_ArkUI-main\\entry\\build\\default\\intermediates\\res\\default\\resources",{"isDirectory":false,"fileSnapShotHashValue":"662d94d47fafde4d95fe0257fd8b8610"}],["G:\\BIT\\yanyishang\\openHarmony\\code\\WeChatUI_ArkUI-main-zzq\\WeChatUI_ArkUI-main\\entry\\build\\default\\intermediates\\res\\default\\resources.index",{"isDirectory":false,"fileSnapShotHashValue":"643b4b5b57a17a9e53ac18949d4fd35e"}],["G:\\BIT\\yanyishang\\openHarmony\\code\\WeChatUI_ArkUI-main-zzq\\WeChatUI_ArkUI-main\\entry\\build\\default\\outputs\\default\\pack.info",{"isDirectory":false,"fileSnapShotHashValue":"8edcccaba4e5c821ca203a9f6357a91f"}],["G:\\BIT\\yanyishang\\openHarmony\\code\\WeChatUI_ArkUI-main-zzq\\WeChatUI_ArkUI-main\\entry\\build\\default\\intermediates\\loader_out\\default\\ets",{"isDirectory":false,"fileSnapShotHashValue":"747da76b59753a8a4f5492c853a70e3f"}]]},"_outputFiles":{"dataType":"Map","value":[["G:\\BIT\\yanyishang\\openHarmony\\code\\WeChatUI_ArkUI-main-zzq\\WeChatUI_ArkUI-main\\entry\\build\\default\\outputs\\default\\entry-default-unsigned.hap",{"isDirectory":false,"fileSnapShotHashValue":"1d7dcfe73866665a04253b794967c474"}]]}},":WeChatUI_ArkUI-main:entry:default@SignHap":{"_inputs":[{"dataType":"ValueEntry","value":"{\"_name\":\"sdkToolchainsComponentVersion\",\"_value\":\"3.2.3.6\",\"_valueType\":\"string\"}"},{"dataType":"ValueEntry","value":"{\"_name\":\"existSigningConfig\",\"_value\":false,\"_valueType\":\"boolean\"}"},{"dataType":"ValueEntry","value":"{\"_name\":\"BUILTIN_TASK_COMMAND\",\"_value\":\"\",\"_valueType\":\"string\"}"},{"dataType":"ValueEntry","value":"{\"_name\":\"BUILTIN_TASK_TOOLCHAIN\",\"_value\":\"\",\"_valueType\":\"string\"}"},{"dataType":"ValueEntry","value":"{\"_name\":\"BUILTIN_TASK_ENV\",\"_value\":\"\",\"_valueType\":\"string\"}"}],"_successful":true,"_projectName":"WeChatUI_ArkUI-main","_moduleName":"entry","_taskName":"default@SignHap","_key":":WeChatUI_ArkUI-main:entry:default@SignHap","_executionId":":WeChatUI_ArkUI-main:entry:default@SignHap:1703228086651","_inputFiles":{"dataType":"Map","value":[["G:\\BIT\\yanyishang\\openHarmony\\code\\WeChatUI_ArkUI-main-zzq\\WeChatUI_ArkUI-main\\entry\\build\\default\\outputs\\default\\entry-default-unsigned.hap",{"isDirectory":false,"fileSnapShotHashValue":"1d7dcfe73866665a04253b794967c474"}]]},"_outputFiles":{"dataType":"Map","value":[["G:\\BIT\\yanyishang\\openHarmony\\code\\WeChatUI_ArkUI-main-zzq\\WeChatUI_ArkUI-main\\entry\\build\\default\\outputs\\default\\entry-default-signed.hap",{"isDirectory":false,"fileSnapShotHashValue":""}]]}},":WeChatUI_ArkUI-main:entry:default@HotReloadArkTS":{"_inputs":[{"dataType":"ValueEntry","value":"{\"_name\":\"debuggable\",\"_value\":true,\"_valueType\":\"boolean\"}"},{"dataType":"ValueEntry","value":"{\"_name\":\"isArk\",\"_value\":true,\"_valueType\":\"boolean\"}"},{"dataType":"ValueEntry","value":"{\"_name\":\"needCoverageInsert\",\"_value\":false,\"_valueType\":\"boolean\"}"},{"dataType":"ValueEntry","value":"{\"_name\":\"customTypes\",\"_value\":\"\",\"_valueType\":\"string\"}"},{"dataType":"ValueEntry","value":"{\"_name\":\"arkTsWdiget\",\"_value\":false,\"_valueType\":\"boolean\"}"},{"dataType":"ValueEntry","value":"{\"_name\":\"OBFUSCATION_ENABLE\",\"_value\":\"undefined\",\"_valueType\":\"string\"}"},{"dataType":"ValueEntry","value":"{\"_name\":\"BUILTIN_TASK_COMMAND\",\"_value\":\"\",\"_valueType\":\"string\"}"},{"dataType":"ValueEntry","value":"{\"_name\":\"BUILTIN_TASK_TOOLCHAIN\",\"_value\":\"\",\"_valueType\":\"string\"}"},{"dataType":"ValueEntry","value":"{\"_name\":\"BUILTIN_TASK_ENV\",\"_value\":\"\",\"_valueType\":\"string\"}"}],"_successful":true,"_projectName":"WeChatUI_ArkUI-main","_moduleName":"entry","_taskName":"default@HotReloadArkTS","_key":":WeChatUI_ArkUI-main:entry:default@HotReloadArkTS","_executionId":":WeChatUI_ArkUI-main:entry:default@HotReloadArkTS:1703088064699","_inputFiles":{"dataType":"Map","value":[["G:\\BIT\\yanyishang\\openHarmony\\WeChatUI_ArkUI-main\\entry\\build\\default\\intermediates\\loader\\default",{"isDirectory":true,"fileSnapShotHashValue":"0e9982b1bc78921e5c5f56acbb8119c8"}],["G:\\BIT\\yanyishang\\openHarmony\\WeChatUI_ArkUI-main\\entry\\build\\default\\intermediates\\res\\default\\ResourceTable.txt",{"fileSnapShotHashValue":"a439402b1bbdae68305b80b2478ca607"}],["G:\\BIT\\yanyishang\\openHarmony\\WeChatUI_ArkUI-main\\entry\\build\\default\\intermediates\\res\\default\\resources\\rawfile",{"isDirectory":true,"fileSnapShotHashValue":"d11f30ce6df57adb3e51a82f49e8ea45"}],["G:\\BIT\\yanyishang\\openHarmony\\WeChatUI_ArkUI-main\\entry\\build\\default\\intermediates\\res\\default\\module.json",{"fileSnapShotHashValue":"e4c54cda03a7a1664025f622fa18dbb2"}],["G:\\BIT\\yanyishang\\openHarmony\\WeChatUI_ArkUI-main\\entry\\build\\default\\intermediates\\res\\default\\resources\\base\\profile",{"isDirectory":true,"fileSnapShotHashValue":"1d233f5af2c60cb12b66806f3f2e8e3f"}],["G:\\BIT\\yanyishang\\openHarmony\\WeChatUI_ArkUI-main\\entry\\src\\main\\supervisual",{"isDirectory":true,"fileSnapShotHashValue":"4725dcf446a342f1473a8228e42dfa48"}],["G:\\BIT\\yanyishang\\openHarmony\\WeChatUI_ArkUI-main\\entry\\src\\main\\ets",{"isDirectory":true,"fileSnapShotHashValue":"9c7ad03e6ab2e76ca18793dfbb9b4fd2"}]]},"_outputFiles":{"dataType":"Map","value":[["G:\\BIT\\yanyishang\\openHarmony\\WeChatUI_ArkUI-main\\entry\\build\\default\\intermediates\\loader_out\\default\\ets",{"isDirectory":true,"fileSnapShotHashValue":"c7cb4362a051c679398be490207c4022"}]]}},":WeChatUI_ArkUI-main:entry:default@PreviewProcessResource":{"_inputs":[{"dataType":"ValueEntry","value":"{\"_name\":\"previewCompileResourcesCommand\",\"_value\":\"{\\\"commandList\\\":[\\\"C:\\\\\\\\Users\\\\\\\\lisil\\\\\\\\AppData\\\\\\\\Local\\\\\\\\Huawei\\\\\\\\Sdk\\\\\\\\openharmony\\\\\\\\9\\\\\\\\toolchains\\\\\\\\restool.exe\\\",\\\"-m\\\",\\\"entry\\\",\\\"-f\\\",\\\"-j\\\",\\\"D:\\\\\\\\WeChatUI_ArkUI-main-zzq\\\\\\\\WeChatUI_ArkUI-main\\\\\\\\entry\\\\\\\\.preview\\\\\\\\default\\\\\\\\intermediates\\\\\\\\process_profile\\\\\\\\default\\\\\\\\module.json\\\",\\\"-p\\\",\\\"com.example.wechatproject\\\",\\\"-o\\\",\\\"D:\\\\\\\\WeChatUI_ArkUI-main-zzq\\\\\\\\WeChatUI_ArkUI-main\\\\\\\\entry\\\\\\\\.preview\\\\\\\\default\\\\\\\\intermediates\\\\\\\\res\\\\\\\\default\\\",\\\"-r\\\",\\\"D:\\\\\\\\WeChatUI_ArkUI-main-zzq\\\\\\\\WeChatUI_ArkUI-main\\\\\\\\entry\\\\\\\\.preview\\\\\\\\default\\\\\\\\generated\\\\\\\\r\\\\\\\\default\\\\\\\\ResourceTable.h\\\"],\\\"inputFiles\\\":{\\\"_group\\\":{}},\\\"outputFiles\\\":{\\\"_group\\\":{}},\\\"existsResourceDir\\\":true,\\\"restoolLinkParamObj\\\":{\\\"appScopeResources\\\":\\\"D:\\\\\\\\WeChatUI_ArkUI-main-zzq\\\\\\\\WeChatUI_ArkUI-main\\\\\\\\AppScope\\\\\\\\resources\\\",\\\"moduleResourcesMap\\\":{},\\\"harResourcesMap\\\":{},\\\"outputPath\\\":\\\"D:\\\\\\\\WeChatUI_ArkUI-main-zzq\\\\\\\\WeChatUI_ArkUI-main\\\\\\\\entry\\\\\\\\.preview\\\\\\\\default\\\\\\\\intermediates\\\\\\\\res\\\\\\\\default\\\",\\\"linkCommand\\\":[\\\"C:\\\\\\\\Users\\\\\\\\lisil\\\\\\\\AppData\\\\\\\\Local\\\\\\\\Huawei\\\\\\\\Sdk\\\\\\\\openharmony\\\\\\\\9\\\\\\\\toolchains\\\\\\\\restool.exe\\\",\\\"-m\\\",\\\"entry\\\",\\\"-f\\\",\\\"-j\\\",\\\"D:\\\\\\\\WeChatUI_ArkUI-main-zzq\\\\\\\\WeChatUI_ArkUI-main\\\\\\\\entry\\\\\\\\.preview\\\\\\\\default\\\\\\\\intermediates\\\\\\\\process_profile\\\\\\\\default\\\\\\\\module.json\\\",\\\"-p\\\",\\\"com.example.wechatproject\\\",\\\"-r\\\",\\\"D:\\\\\\\\WeChatUI_ArkUI-main-zzq\\\\\\\\WeChatUI_ArkUI-main\\\\\\\\entry\\\\\\\\.preview\\\\\\\\default\\\\\\\\generated\\\\\\\\r\\\\\\\\default\\\\\\\\ResourceTable.h\\\",\\\"-z\\\"]}}\",\"_valueType\":\"string\"}"},{"dataType":"ValueEntry","value":"{\"_name\":\"BUILTIN_TASK_COMMAND\",\"_value\":\"\",\"_valueType\":\"string\"}"},{"dataType":"ValueEntry","value":"{\"_name\":\"BUILTIN_TASK_TOOLCHAIN\",\"_value\":\"\",\"_valueType\":\"string\"}"},{"dataType":"ValueEntry","value":"{\"_name\":\"BUILTIN_TASK_ENV\",\"_value\":\"\",\"_valueType\":\"string\"}"}],"_successful":true,"_projectName":"WeChatUI_ArkUI-main","_moduleName":"entry","_taskName":"default@PreviewProcessResource","_key":":WeChatUI_ArkUI-main:entry:default@PreviewProcessResource","_executionId":":WeChatUI_ArkUI-main:entry:default@PreviewProcessResource:1703221033013","_inputFiles":{"dataType":"Map","value":[]},"_outputFiles":{"dataType":"Map","value":[["{\"commandList\":[\"C:\\\\Users\\\\lisil\\\\AppData\\\\Local\\\\Huawei\\\\Sdk\\\\openharmony\\\\9\\\\toolchains\\\\restool.exe\",\"-m\",\"entry\",\"-f\",\"-j\",\"D:\\\\WeChatUI_ArkUI-main-zzq\\\\WeChatUI_ArkUI-main\\\\entry\\\\.preview\\\\default\\\\intermediates\\\\process_profile\\\\default\\\\module.json\",\"-p\",\"com.example.wechatproject\",\"-o\",\"D:\\\\WeChatUI_ArkUI-main-zzq\\\\WeChatUI_ArkUI-main\\\\entry\\\\.preview\\\\default\\\\intermediates\\\\res\\\\default\",\"-r\",\"D:\\\\WeChatUI_ArkUI-main-zzq\\\\WeChatUI_ArkUI-main\\\\entry\\\\.preview\\\\default\\\\generated\\\\r\\\\default\\\\ResourceTable.h\"],\"inputFiles\":{\"_group\":{}},\"outputFiles\":{\"_group\":{}},\"existsResourceDir\":true,\"restoolLinkParamObj\":{\"appScopeResources\":\"D:\\\\WeChatUI_ArkUI-main-zzq\\\\WeChatUI_ArkUI-main\\\\AppScope\\\\resources\",\"moduleResourcesMap\":{},\"harResourcesMap\":{},\"outputPath\":\"D:\\\\WeChatUI_ArkUI-main-zzq\\\\WeChatUI_ArkUI-main\\\\entry\\\\.preview\\\\default\\\\intermediates\\\\res\\\\default\",\"linkCommand\":[\"C:\\\\Users\\\\lisil\\\\AppData\\\\Local\\\\Huawei\\\\Sdk\\\\openharmony\\\\9\\\\toolchains\\\\restool.exe\",\"-m\",\"entry\",\"-f\",\"-j\",\"D:\\\\WeChatUI_ArkUI-main-zzq\\\\WeChatUI_ArkUI-main\\\\entry\\\\.preview\\\\default\\\\intermediates\\\\process_profile\\\\default\\\\module.json\",\"-p\",\"com.example.wechatproject\",\"-r\",\"D:\\\\WeChatUI_ArkUI-main-zzq\\\\WeChatUI_ArkUI-main\\\\entry\\\\.preview\\\\default\\\\generated\\\\r\\\\default\\\\ResourceTable.h\",\"-z\"]}}",{"isDirectory":false,"fileSnapShotHashValue":""}]]}},":WeChatUI_ArkUI-main:entry:default@PreviewCompileResource":{"_inputs":[{"dataType":"ValueEntry","value":"{\"_name\":\"PREVIEWER_REPLACE_PAGE\",\"_valueType\":\"undefined\"}"},{"dataType":"ValueEntry","value":"{\"_name\":\"PREVIEWER_REPLACE_SRCPATH\",\"_valueType\":\"undefined\"}"},{"dataType":"ValueEntry","value":"{\"_name\":\"TARGET_CONFIG\",\"_value\":\"{\\\"name\\\":\\\"default\\\",\\\"runtimeOS\\\":\\\"HarmonyOS\\\"}\",\"_valueType\":\"string\"}"},{"dataType":"ValueEntry","value":"{\"_name\":\"BUILTIN_TASK_COMMAND\",\"_value\":\"\",\"_valueType\":\"string\"}"},{"dataType":"ValueEntry","value":"{\"_name\":\"BUILTIN_TASK_TOOLCHAIN\",\"_value\":\"C:\\\\Users\\\\lisil\\\\AppData\\\\Local\\\\Huawei\\\\Sdk\\\\openharmony\\\\9\\\\toolchains\\\\restool.exe\",\"_valueType\":\"string\"}"},{"dataType":"ValueEntry","value":"{\"_name\":\"BUILTIN_TASK_ENV\",\"_value\":\"\",\"_valueType\":\"string\"}"}],"_successful":true,"_projectName":"WeChatUI_ArkUI-main","_moduleName":"entry","_taskName":"default@PreviewCompileResource","_key":":WeChatUI_ArkUI-main:entry:default@PreviewCompileResource","_executionId":":WeChatUI_ArkUI-main:entry:default@PreviewCompileResource:1703221033013","_inputFiles":{"dataType":"Map","value":[["D:\\WeChatUI_ArkUI-main-zzq\\WeChatUI_ArkUI-main\\entry\\src\\main\\resources",{"fileSnapShotHashValue":"0656c5cc0dd7a7905a012ac62201c11e"}],["D:\\WeChatUI_ArkUI-main-zzq\\WeChatUI_ArkUI-main\\AppScope\\resources",{"fileSnapShotHashValue":"50e1ab9255a499ac291b8a1d4efb4013"}],["D:\\WeChatUI_ArkUI-main-zzq\\WeChatUI_ArkUI-main\\entry\\.preview\\default\\intermediates\\process_profile\\default\\module.json",{"isDirectory":false,"fileSnapShotHashValue":"b14eb3fd05f3e73db920bc01d784faff"}]]},"_outputFiles":{"dataType":"Map","value":[["D:\\WeChatUI_ArkUI-main-zzq\\WeChatUI_ArkUI-main\\entry\\.preview\\default\\intermediates\\res\\default",{"isDirectory":true,"fileSnapShotHashValue":"82665aaf2504bb8eb083b716074d840c"}],["D:\\WeChatUI_ArkUI-main-zzq\\WeChatUI_ArkUI-main\\entry\\.preview\\default\\generated\\r\\default\\ResourceTable.h",{"isDirectory":false,"fileSnapShotHashValue":"4aade0c6f82f1cd6f202e3e08e393711"}],["D:\\WeChatUI_ArkUI-main-zzq\\WeChatUI_ArkUI-main\\entry\\.preview\\default\\generated\\r\\default",{"isDirectory":true,"fileSnapShotHashValue":"b92416c10d0e131c39d58114aa09b480"}]]}},":WeChatUI_ArkUI-main:entry:default@PreviewUpdateAssets":{"_inputs":[{"dataType":"ValueEntry","value":"{\"_name\":\"BUILTIN_TASK_COMMAND\",\"_value\":\"\",\"_valueType\":\"string\"}"},{"dataType":"ValueEntry","value":"{\"_name\":\"BUILTIN_TASK_TOOLCHAIN\",\"_value\":\"\",\"_valueType\":\"string\"}"},{"dataType":"ValueEntry","value":"{\"_name\":\"BUILTIN_TASK_ENV\",\"_value\":\"\",\"_valueType\":\"string\"}"}],"_successful":true,"_projectName":"WeChatUI_ArkUI-main","_moduleName":"entry","_taskName":"default@PreviewUpdateAssets","_key":":WeChatUI_ArkUI-main:entry:default@PreviewUpdateAssets","_executionId":":WeChatUI_ArkUI-main:entry:default@PreviewUpdateAssets:1703221033145","_inputFiles":{"dataType":"Map","value":[["D:\\WeChatUI_ArkUI-main-zzq\\WeChatUI_ArkUI-main\\entry\\.preview\\config\\buildConfig.json",{"isDirectory":false,"fileSnapShotHashValue":"bb85f4766a16dff2b727d09d51ad643e"}]]},"_outputFiles":{"dataType":"Map","value":[["D:\\WeChatUI_ArkUI-main-zzq\\WeChatUI_ArkUI-main\\entry\\.preview\\default\\intermediates\\res\\default\\module.json",{"isDirectory":false,"fileSnapShotHashValue":"b3ea8eb25b8412c10391ea9e417d33b7"}],["D:\\WeChatUI_ArkUI-main-zzq\\WeChatUI_ArkUI-main\\entry\\.preview\\default\\intermediates\\res\\default\\resources\\base\\profile\\main_pages.json",{"isDirectory":false,"fileSnapShotHashValue":"fb0e2c410efd95fc8e99c59b6e1f9f0a"}]]}},":WeChatUI_ArkUI-main:entry:default@PreviewArkTS":{"_inputs":[{"dataType":"ValueEntry","value":"{\"_name\":\"debuggable\",\"_value\":true,\"_valueType\":\"boolean\"}"},{"dataType":"ValueEntry","value":"{\"_name\":\"isArk\",\"_value\":true,\"_valueType\":\"boolean\"}"},{"dataType":"ValueEntry","value":"{\"_name\":\"needCoverageInsert\",\"_value\":false,\"_valueType\":\"boolean\"}"},{"dataType":"ValueEntry","value":"{\"_name\":\"customTypes\",\"_value\":\"\",\"_valueType\":\"string\"}"},{"dataType":"ValueEntry","value":"{\"_name\":\"arkTsWdiget\",\"_value\":false,\"_valueType\":\"boolean\"}"},{"dataType":"ValueEntry","value":"{\"_name\":\"OBFUSCATION_ENABLE\",\"_value\":\"undefined\",\"_valueType\":\"string\"}"},{"dataType":"ValueEntry","value":"{\"_name\":\"BUILTIN_TASK_COMMAND\",\"_value\":\"\",\"_valueType\":\"string\"}"},{"dataType":"ValueEntry","value":"{\"_name\":\"BUILTIN_TASK_TOOLCHAIN\",\"_value\":\"\",\"_valueType\":\"string\"}"},{"dataType":"ValueEntry","value":"{\"_name\":\"BUILTIN_TASK_ENV\",\"_value\":\"\",\"_valueType\":\"string\"}"}],"_successful":true,"_projectName":"WeChatUI_ArkUI-main","_moduleName":"entry","_taskName":"default@PreviewArkTS","_key":":WeChatUI_ArkUI-main:entry:default@PreviewArkTS","_executionId":":WeChatUI_ArkUI-main:entry:default@PreviewArkTS:1703221033147","_inputFiles":{"dataType":"Map","value":[["D:\\WeChatUI_ArkUI-main-zzq\\WeChatUI_ArkUI-main\\entry\\.preview\\default\\intermediates\\loader\\default",{"isDirectory":true,"fileSnapShotHashValue":"7f346c338ed90238f247dc4c8c0c536b"}],["D:\\WeChatUI_ArkUI-main-zzq\\WeChatUI_ArkUI-main\\entry\\.preview\\default\\intermediates\\res\\default\\ResourceTable.txt",{"fileSnapShotHashValue":"bb4d7b4d0fc1a3b4b126907534adc9bc"}],["D:\\WeChatUI_ArkUI-main-zzq\\WeChatUI_ArkUI-main\\entry\\.preview\\default\\intermediates\\res\\default\\resources\\rawfile",{"isDirectory":true,"fileSnapShotHashValue":"f063adf407ccaf7e8440a9bf2d1a4dfa"}],["D:\\WeChatUI_ArkUI-main-zzq\\WeChatUI_ArkUI-main\\entry\\.preview\\default\\intermediates\\res\\default\\module.json",{"fileSnapShotHashValue":"b3ea8eb25b8412c10391ea9e417d33b7"}],["D:\\WeChatUI_ArkUI-main-zzq\\WeChatUI_ArkUI-main\\entry\\.preview\\default\\intermediates\\res\\default\\resources\\base\\profile",{"isDirectory":true,"fileSnapShotHashValue":"e9c49f723e6251d1cb77e6270766d4f1"}],["D:\\WeChatUI_ArkUI-main-zzq\\WeChatUI_ArkUI-main\\entry\\src\\main\\supervisual",{"isDirectory":true,"fileSnapShotHashValue":"4725dcf446a342f1473a8228e42dfa48"}],["D:\\WeChatUI_ArkUI-main-zzq\\WeChatUI_ArkUI-main\\entry\\src\\main\\ets",{"isDirectory":true,"fileSnapShotHashValue":"85114aa90f356ea3c6edad354e615e86"}]]},"_outputFiles":{"dataType":"Map","value":[["D:\\WeChatUI_ArkUI-main-zzq\\WeChatUI_ArkUI-main\\entry\\.preview\\default\\intermediates\\loader_out\\default\\ets",{"isDirectory":true,"fileSnapShotHashValue":""}]]}},":WeChatUI_ArkUI-main:entry:default@CompileJS":{"_inputs":[{"dataType":"ValueEntry","value":"{\"_name\":\"debuggable\",\"_value\":true,\"_valueType\":\"boolean\"}"},{"dataType":"ValueEntry","value":"{\"_name\":\"isArk\",\"_value\":true,\"_valueType\":\"boolean\"}"},{"dataType":"ValueEntry","value":"{\"_name\":\"needCoverageInsert\",\"_value\":false,\"_valueType\":\"boolean\"}"},{"dataType":"ValueEntry","value":"{\"_name\":\"BUILTIN_TASK_COMMAND\",\"_value\":\"\",\"_valueType\":\"string\"}"},{"dataType":"ValueEntry","value":"{\"_name\":\"BUILTIN_TASK_TOOLCHAIN\",\"_value\":\"\",\"_valueType\":\"string\"}"},{"dataType":"ValueEntry","value":"{\"_name\":\"BUILTIN_TASK_ENV\",\"_value\":\"\",\"_valueType\":\"string\"}"}],"_successful":true,"_projectName":"WeChatUI_ArkUI-main","_moduleName":"entry","_taskName":"default@CompileJS","_key":":WeChatUI_ArkUI-main:entry:default@CompileJS","_executionId":":WeChatUI_ArkUI-main:entry:default@CompileJS:1703151934936","_inputFiles":{"dataType":"Map","value":[["C:\\Users\\asus\\Desktop\\WeChatUI_ArkUI-main-zzq\\WeChatUI_ArkUI-main\\entry\\build\\default\\intermediates\\loader\\default",{"isDirectory":true,"fileSnapShotHashValue":"773585ac2f2525db3f848beef8c44870"}],["C:\\Users\\asus\\Desktop\\WeChatUI_ArkUI-main-zzq\\WeChatUI_ArkUI-main\\entry\\build\\default\\intermediates\\res\\default\\ResourceTable.txt",{"fileSnapShotHashValue":"606680c6ad6852f9aa1bc802d460d67b"}],["C:\\Users\\asus\\Desktop\\WeChatUI_ArkUI-main-zzq\\WeChatUI_ArkUI-main\\entry\\build\\default\\intermediates\\res\\default\\module.json",{"fileSnapShotHashValue":"f811632580b3b23919e091c1cc60976a"}],["C:\\Users\\asus\\Desktop\\WeChatUI_ArkUI-main-zzq\\WeChatUI_ArkUI-main\\entry\\build\\default\\intermediates\\res\\default\\resources\\base\\profile",{"isDirectory":true,"fileSnapShotHashValue":"e2f9632d74537b87709d84e6d4c542c7"}],["C:\\Users\\asus\\Desktop\\WeChatUI_ArkUI-main-zzq\\WeChatUI_ArkUI-main\\entry\\src\\main\\supervisual",{"isDirectory":true,"fileSnapShotHashValue":"4725dcf446a342f1473a8228e42dfa48"}]]},"_outputFiles":{"dataType":"Map","value":[["C:\\Users\\asus\\Desktop\\WeChatUI_ArkUI-main-zzq\\WeChatUI_ArkUI-main\\entry\\build\\default\\intermediates\\loader_out\\default\\js",{"isDirectory":true,"fileSnapShotHashValue":""}]]}}}